fiscal_year,scenario,revenue_line,amount_usd
2027,low,residential_real_estate,621770233.0
2028,low,residential_real_estate,598839464.0
2029,low,residential_real_estate,576825925.0
2030,low,residential_real_estate,555692928.0
2031,low,residential_real_estate,535405251.0
2027,low,non_dc_commercial_real_estate,162483837.0
2028,low,non_dc_commercial_real_estate,157396822.0
2029,low,non_dc_commercial_real_estate,152462418.0
2030,low,non_dc_commercial_real_estate,147676045.0
2031,low,non_dc_commercial_real_estate,143033264.0
2027,low,personal_property_vehicles,208227785.0
2028,low,personal_property_vehicles,201762729.0
2029,low,personal_property_vehicles,195498399.0
2030,low,personal_property_vehicles,189428565.0
2031,low,personal_property_vehicles,183547187.0
2027,low,non_dc_business_tangible,21120000.0
2028,low,non_dc_business_tangible,20275200.0
2029,low,non_dc_business_tangible,19464192.0
2030,low,non_dc_business_tangible,18685624.0
2031,low,non_dc_business_tangible,17938199.0
2027,low,local_sales_tax,100204820.0
2028,low,local_sales_tax,97961034.0
2029,low,local_sales_tax,95767490.0
2030,low,local_sales_tax,93623065.0
2031,low,local_sales_tax,91526657.0
2027,low,bpol_tax,35080891.0
2028,low,bpol_tax,33111870.0
2029,low,bpol_tax,31253367.0
2030,low,bpol_tax,29499178.0
2031,low,bpol_tax,27843448.0
2027,low,food_and_beverage_tax,27923840.0
2028,low,food_and_beverage_tax,21697136.0
2029,low,food_and_beverage_tax,21073648.0
2030,low,food_and_beverage_tax,20468075.0
2031,low,food_and_beverage_tax,19879905.0
2027,low,consumer_utility_tax,15345000.0
2028,low,consumer_utility_tax,15191550.0
2029,low,consumer_utility_tax,15039634.0
2030,low,consumer_utility_tax,14889238.0
2031,low,consumer_utility_tax,14740346.0
2027,low,communications_sales_tax,10925000.0
2028,low,communications_sales_tax,10378750.0
2029,low,communications_sales_tax,9859812.0
2030,low,communications_sales_tax,9366822.0
2031,low,communications_sales_tax,8898481.0
2027,low,motor_vehicle_license,13323050.0
2028,low,motor_vehicle_license,13256435.0
2029,low,motor_vehicle_license,13190153.0
2030,low,motor_vehicle_license,13124202.0
2031,low,motor_vehicle_license,13058581.0
2027,low,recordation_tax,2716000.0
2028,low,recordation_tax,2634520.0
2029,low,recordation_tax,2555484.0
2030,low,recordation_tax,2478820.0
2031,low,recordation_tax,2404455.0
2027,low,transient_occupancy_tax,2574000.0
2028,low,transient_occupancy_tax,2548260.0
2029,low,transient_occupancy_tax,2522777.0
2030,low,transient_occupancy_tax,2497550.0
2031,low,transient_occupancy_tax,2472574.0
2027,low,cigarette_tax,3610000.0
2028,low,cigarette_tax,3429500.0
2029,low,cigarette_tax,3258025.0
2030,low,cigarette_tax,3095124.0
2031,low,cigarette_tax,2940368.0
2027,low,investment_income,27440000.0
2028,low,investment_income,25480000.0
2029,low,investment_income,23520000.0
2030,low,investment_income,21560000.0
2031,low,investment_income,19600000.0
2027,low,state_aid_gf_direct,13183661.0
2028,low,state_aid_gf_direct,13272922.0
2029,low,state_aid_gf_direct,13362788.0
2030,low,state_aid_gf_direct,13453262.0
2031,low,state_aid_gf_direct,13544349.0
2027,low,federal_pilt,80000.0
2028,low,federal_pilt,80000.0
2029,low,federal_pilt,80000.0
2030,low,federal_pilt,80000.0
2031,low,federal_pilt,80000.0
2027,low,pptra_fixed_reimbursement,54288000.0
2028,low,pptra_fixed_reimbursement,54288000.0
2029,low,pptra_fixed_reimbursement,54288000.0
2030,low,pptra_fixed_reimbursement,54288000.0
2031,low,pptra_fixed_reimbursement,54288000.0
2027,base,residential_real_estate,646016936.0
2028,base,residential_real_estate,646375726.0
2029,base,residential_real_estate,646732830.0
2030,base,residential_real_estate,647088256.0
2031,base,residential_real_estate,647442011.0
2027,base,non_dc_commercial_real_estate,168153183.0
2028,base,non_dc_commercial_real_estate,168578183.0
2029,base,non_dc_commercial_real_estate,169003183.0
2030,base,non_dc_commercial_real_estate,169428183.0
2031,base,non_dc_commercial_real_estate,169853183.0
2027,base,personal_property_vehicles,216455102.0
2028,base,personal_property_vehicles,218021458.0
2029,base,personal_property_vehicles,219599149.0
2030,base,personal_property_vehicles,221188256.0
2031,base,personal_property_vehicles,222788863.0
2027,base,non_dc_business_tangible,21780000.0
2028,base,non_dc_business_tangible,21562200.0
2029,base,non_dc_business_tangible,21346578.0
2030,base,non_dc_business_tangible,21133112.0
2031,base,non_dc_business_tangible,20921781.0
2027,base,local_sales_tax,104698297.0
2028,base,local_sales_tax,106943740.0
2029,base,local_sales_tax,109237341.0
2030,base,local_sales_tax,111580133.0
2031,base,local_sales_tax,113973170.0
2027,base,bpol_tax,36501859.0
2028,base,bpol_tax,35848622.0
2029,base,bpol_tax,35207075.0
2030,base,bpol_tax,34577009.0
2031,base,bpol_tax,33958219.0
2027,base,food_and_beverage_tax,29211495.0
2028,base,food_and_beverage_tax,23744318.0
2029,base,food_and_beverage_tax,24125462.0
2030,base,food_and_beverage_tax,24512724.0
2031,base,food_and_beverage_tax,24906202.0
2027,base,consumer_utility_tax,15577500.0
2028,base,consumer_utility_tax,15655387.0
2029,base,consumer_utility_tax,15733664.0
2030,base,consumer_utility_tax,15812333.0
2031,base,consumer_utility_tax,15891394.0
2027,base,communications_sales_tax,11155000.0
2028,base,communications_sales_tax,10820350.0
2029,base,communications_sales_tax,10495740.0
2030,base,communications_sales_tax,10180867.0
2031,base,communications_sales_tax,9875441.0
2027,base,motor_vehicle_license,13523900.0
2028,base,motor_vehicle_license,13659139.0
2029,base,motor_vehicle_license,13795730.0
2030,base,motor_vehicle_license,13933688.0
2031,base,motor_vehicle_license,14073025.0
2027,base,recordation_tax,2814000.0
2028,base,recordation_tax,2828070.0
2029,base,recordation_tax,2842210.0
2030,base,recordation_tax,2856421.0
2031,base,recordation_tax,2870704.0
2027,base,transient_occupancy_tax,2600000.0
2028,base,transient_occupancy_tax,2600000.0
2029,base,transient_occupancy_tax,2600000.0
2030,base,transient_occupancy_tax,2600000.0
2031,base,transient_occupancy_tax,2600000.0
2027,base,cigarette_tax,3667000.0
2028,base,cigarette_tax,3538655.0
2029,base,cigarette_tax,3414802.0
2030,base,cigarette_tax,3295284.0
2031,base,cigarette_tax,3179949.0
2027,base,investment_income,28420000.0
2028,base,investment_income,27440000.0
2029,base,investment_income,26460000.0
2030,base,investment_income,25480000.0
2031,base,investment_income,24500000.0
2027,base,state_aid_gf_direct,13485558.0
2028,base,state_aid_gf_direct,13887765.0
2029,base,state_aid_gf_direct,14301968.0
2030,base,state_aid_gf_direct,14728524.0
2031,base,state_aid_gf_direct,15167802.0
2027,base,federal_pilt,80000.0
2028,base,federal_pilt,80000.0
2029,base,federal_pilt,80000.0
2030,base,federal_pilt,80000.0
2031,base,federal_pilt,80000.0
2027,base,pptra_fixed_reimbursement,54288000.0
2028,base,pptra_fixed_reimbursement,54288000.0
2029,base,pptra_fixed_reimbursement,54288000.0
2030,base,pptra_fixed_reimbursement,54288000.0
2031,base,pptra_fixed_reimbursement,54288000.0
2027,high,residential_real_estate,659060731.0
2028,high,residential_real_estate,672652671.0
2029,high,residential_real_estate,686434899.0
2030,high,residential_real_estate,700410077.0
2031,high,residential_real_estate,714580909.0
2027,high,non_dc_commercial_real_estate,172145247.0
2028,high,non_dc_commercial_real_estate,176650651.0
2029,high,non_dc_commercial_real_estate,181246165.0
2030,high,non_dc_commercial_real_estate,185933588.0
2031,high,non_dc_commercial_real_estate,190714760.0
2027,high,personal_property_vehicles,220091984.0
2028,high,personal_property_vehicles,225409406.0
2029,high,personal_property_vehicles,230855298.0
2030,high,personal_property_vehicles,236432762.0
2031,high,personal_property_vehicles,242144977.0
2027,high,non_dc_business_tangible,22440000.0
2028,high,non_dc_business_tangible,22888800.0
2029,high,non_dc_business_tangible,23346576.0
2030,high,non_dc_business_tangible,23813508.0
2031,high,non_dc_business_tangible,24289778.0
2027,high,local_sales_tax,106479460.0
2028,high,local_sales_tax,110613419.0
2029,high,local_sales_tax,114907874.0
2030,high,local_sales_tax,119369057.0
2031,high,local_sales_tax,124003441.0
2027,high,bpol_tax,37810435.0
2028,high,bpol_tax,38465009.0
2029,high,bpol_tax,39130916.0
2030,high,bpol_tax,39808350.0
2031,high,bpol_tax,40497512.0
2027,high,food_and_beverage_tax,29722440.0
2028,high,food_and_beverage_tax,24582217.0
2029,high,food_and_beverage_tax,25413686.0
2030,high,food_and_beverage_tax,26273279.0
2031,high,food_and_beverage_tax,27161946.0
2027,high,consumer_utility_tax,15655000.0
2028,high,consumer_utility_tax,15811550.0
2029,high,consumer_utility_tax,15969666.0
2030,high,consumer_utility_tax,16129362.0
2031,high,consumer_utility_tax,16290656.0
2027,high,communications_sales_tax,11327500.0
2028,high,communications_sales_tax,11157588.0
2029,high,communications_sales_tax,10990224.0
2030,high,communications_sales_tax,10825370.0
2031,high,communications_sales_tax,10662990.0
2027,high,motor_vehicle_license,13657800.0
2028,high,motor_vehicle_license,13930956.0
2029,high,motor_vehicle_license,14209575.0
2030,high,motor_vehicle_license,14493767.0
2031,high,motor_vehicle_license,14783642.0
2027,high,recordation_tax,2870000.0
2028,high,recordation_tax,2941750.0
2029,high,recordation_tax,3015294.0
2030,high,recordation_tax,3090676.0
2031,high,recordation_tax,3167943.0
2027,high,transient_occupancy_tax,2639000.0
2028,high,transient_occupancy_tax,2678585.0
2029,high,transient_occupancy_tax,2718764.0
2030,high,transient_occupancy_tax,2759545.0
2031,high,transient_occupancy_tax,2800938.0
2027,high,cigarette_tax,3724000.0
2028,high,cigarette_tax,3649520.0
2029,high,cigarette_tax,3576530.0
2030,high,cigarette_tax,3504999.0
2031,high,cigarette_tax,3434899.0
2027,high,investment_income,29400000.0
2028,high,investment_income,29400000.0
2029,high,investment_income,29400000.0
2030,high,investment_income,29400000.0
2031,high,investment_income,29400000.0
2027,high,state_aid_gf_direct,13725328.0
2028,high,state_aid_gf_direct,14385996.0
2029,high,state_aid_gf_direct,15078466.0
2030,high,state_aid_gf_direct,15804268.0
2031,high,state_aid_gf_direct,16565007.0
2027,high,federal_pilt,80000.0
2028,high,federal_pilt,80000.0
2029,high,federal_pilt,80000.0
2030,high,federal_pilt,80000.0
2031,high,federal_pilt,80000.0
2027,high,pptra_fixed_reimbursement,54288000.0
2028,high,pptra_fixed_reimbursement,54288000.0
2029,high,pptra_fixed_reimbursement,54288000.0
2030,high,pptra_fixed_reimbursement,54288000.0
2031,high,pptra_fixed_reimbursement,54288000.0
2027,low_with_spillover,residential_real_estate,611697378.0
2028,low_with_spillover,residential_real_estate,582819744.0
2029,low_with_spillover,residential_real_estate,558397093.0
2030,low_with_spillover,residential_real_estate,537923648.0
2031,low_with_spillover,residential_real_estate,518288541.0
2027,low_with_spillover,non_dc_commercial_real_estate,162483837.0
2028,low_with_spillover,non_dc_commercial_real_estate,157396822.0
2029,low_with_spillover,non_dc_commercial_real_estate,152462418.0
2030,low_with_spillover,non_dc_commercial_real_estate,147676045.0
2031,low_with_spillover,non_dc_commercial_real_estate,143033264.0
2027,low_with_spillover,personal_property_vehicles,208227785.0
2028,low_with_spillover,personal_property_vehicles,201762729.0
2029,low_with_spillover,personal_property_vehicles,195498399.0
2030,low_with_spillover,personal_property_vehicles,189428565.0
2031,low_with_spillover,personal_property_vehicles,183547187.0
2027,low_with_spillover,non_dc_business_tangible,21120000.0
2028,low_with_spillover,non_dc_business_tangible,20275200.0
2029,low_with_spillover,non_dc_business_tangible,19464192.0
2030,low_with_spillover,non_dc_business_tangible,18685624.0
2031,low_with_spillover,non_dc_business_tangible,17938199.0
2027,low_with_spillover,local_sales_tax,100204820.0
2028,low_with_spillover,local_sales_tax,97961034.0
2029,low_with_spillover,local_sales_tax,95767490.0
2030,low_with_spillover,local_sales_tax,93623065.0
2031,low_with_spillover,local_sales_tax,91526657.0
2027,low_with_spillover,bpol_tax,35080891.0
2028,low_with_spillover,bpol_tax,33111870.0
2029,low_with_spillover,bpol_tax,31253367.0
2030,low_with_spillover,bpol_tax,29499178.0
2031,low_with_spillover,bpol_tax,27843448.0
2027,low_with_spillover,food_and_beverage_tax,27923840.0
2028,low_with_spillover,food_and_beverage_tax,21697136.0
2029,low_with_spillover,food_and_beverage_tax,21073648.0
2030,low_with_spillover,food_and_beverage_tax,20468075.0
2031,low_with_spillover,food_and_beverage_tax,19879905.0
2027,low_with_spillover,consumer_utility_tax,15345000.0
2028,low_with_spillover,consumer_utility_tax,15191550.0
2029,low_with_spillover,consumer_utility_tax,15039634.0
2030,low_with_spillover,consumer_utility_tax,14889238.0
2031,low_with_spillover,consumer_utility_tax,14740346.0
2027,low_with_spillover,communications_sales_tax,10925000.0
2028,low_with_spillover,communications_sales_tax,10378750.0
2029,low_with_spillover,communications_sales_tax,9859812.0
2030,low_with_spillover,communications_sales_tax,9366822.0
2031,low_with_spillover,communications_sales_tax,8898481.0
2027,low_with_spillover,motor_vehicle_license,13323050.0
2028,low_with_spillover,motor_vehicle_license,13256435.0
2029,low_with_spillover,motor_vehicle_license,13190153.0
2030,low_with_spillover,motor_vehicle_license,13124202.0
2031,low_with_spillover,motor_vehicle_license,13058581.0
2027,low_with_spillover,recordation_tax,2716000.0
2028,low_with_spillover,recordation_tax,2634520.0
2029,low_with_spillover,recordation_tax,2555484.0
2030,low_with_spillover,recordation_tax,2478820.0
2031,low_with_spillover,recordation_tax,2404455.0
2027,low_with_spillover,transient_occupancy_tax,2574000.0
2028,low_with_spillover,transient_occupancy_tax,2548260.0
2029,low_with_spillover,transient_occupancy_tax,2522777.0
2030,low_with_spillover,transient_occupancy_tax,2497550.0
2031,low_with_spillover,transient_occupancy_tax,2472574.0
2027,low_with_spillover,cigarette_tax,3610000.0
2028,low_with_spillover,cigarette_tax,3429500.0
2029,low_with_spillover,cigarette_tax,3258025.0
2030,low_with_spillover,cigarette_tax,3095124.0
2031,low_with_spillover,cigarette_tax,2940368.0
2027,low_with_spillover,investment_income,27440000.0
2028,low_with_spillover,investment_income,25480000.0
2029,low_with_spillover,investment_income,23520000.0
2030,low_with_spillover,investment_income,21560000.0
2031,low_with_spillover,investment_income,19600000.0
2027,low_with_spillover,state_aid_gf_direct,13183661.0
2028,low_with_spillover,state_aid_gf_direct,13272922.0
2029,low_with_spillover,state_aid_gf_direct,13362788.0
2030,low_with_spillover,state_aid_gf_direct,13453262.0
2031,low_with_spillover,state_aid_gf_direct,13544349.0
2027,low_with_spillover,federal_pilt,80000.0
2028,low_with_spillover,federal_pilt,80000.0
2029,low_with_spillover,federal_pilt,80000.0
2030,low_with_spillover,federal_pilt,80000.0
2031,low_with_spillover,federal_pilt,80000.0
2027,low_with_spillover,pptra_fixed_reimbursement,54288000.0
2028,low_with_spillover,pptra_fixed_reimbursement,54288000.0
2029,low_with_spillover,pptra_fixed_reimbursement,54288000.0
2030,low_with_spillover,pptra_fixed_reimbursement,54288000.0
2031,low_with_spillover,pptra_fixed_reimbursement,54288000.0
