scenario,fiscal_year,metric,value,unit
Pre-Cancellation Digital Gateway,2027,total_revenue,2222323539.74,USD
Pre-Cancellation Digital Gateway,2027,split_base_eligible_for_schools_transfer,1807905700.0,USD
Pre-Cancellation Digital Gateway,2027,schools_transfer,1034664432.11,USD
Pre-Cancellation Digital Gateway,2027,total_committed_expenditure,2265070267.84,USD
Pre-Cancellation Digital Gateway,2027,surplus_or_deficit,-42746728.10000038,USD
Pre-Cancellation Digital Gateway,2027,real_estate_tax_revenue,1017102690.2,USD
Pre-Cancellation Digital Gateway,2027,assessed_value_base,144439894200.0,USD
Pre-Cancellation Digital Gateway,2027,required_re_tax_rate_effective_per_100,0.7337650198168038,USD_per_100_AV
Pre-Cancellation Digital Gateway,2027,required_re_tax_rate_nominal_per_100,0.8911408953807296,USD_per_100_AV
Pre-Cancellation Digital Gateway,2027,required_re_rate_delta_vs_fy26_nominal,-0.014859104619270425,USD_per_100_AV
Pre-Cancellation Digital Gateway,2027,required_re_rate_delta_vs_fy27_nominal,0.026140895380729612,USD_per_100_AV
Pre-Cancellation Digital Gateway,2027,debt_service_total,153192809.0,USD
Pre-Cancellation Digital Gateway,2027,debt_service_to_revenue_ratio,0.06893362116747535,fraction
Pre-Cancellation Digital Gateway,2027,debt_service_headroom_vs_10pct_cap,69039544.97399998,USD
Pre-Cancellation Digital Gateway,2027,debt_service_cap_breached,0.0,boolean
Pre-Cancellation Digital Gateway,2027,unassigned_gf_balance_eoy,91977271.89999962,USD
Pre-Cancellation Digital Gateway,2027,unassigned_gf_balance_policy_floor_7_5pct,166674265.48049998,USD
Pre-Cancellation Digital Gateway,2027,unassigned_gf_balance_floor_breached,1.0,boolean
Pre-Cancellation Digital Gateway,2028,total_revenue,2317922647.6444,USD
Pre-Cancellation Digital Gateway,2028,split_base_eligible_for_schools_transfer,1889734014.0,USD
Pre-Cancellation Digital Gateway,2028,schools_transfer,1081494776.2122002,USD
Pre-Cancellation Digital Gateway,2028,total_committed_expenditure,2382590116.3422003,USD
Pre-Cancellation Digital Gateway,2028,surplus_or_deficit,-64667468.69780016,USD
Pre-Cancellation Digital Gateway,2028,real_estate_tax_revenue,1051801175.4,USD
Pre-Cancellation Digital Gateway,2028,assessed_value_base,151661888910.0,USD
Pre-Cancellation Digital Gateway,2028,required_re_tax_rate_effective_per_100,0.736156362103825,USD_per_100_AV
Pre-Cancellation Digital Gateway,2028,required_re_tax_rate_nominal_per_100,0.8940451260939216,USD_per_100_AV
Pre-Cancellation Digital Gateway,2028,required_re_rate_delta_vs_fy26_nominal,-0.011954873906078411,USD_per_100_AV
Pre-Cancellation Digital Gateway,2028,required_re_rate_delta_vs_fy27_nominal,0.029045126093921625,USD_per_100_AV
Pre-Cancellation Digital Gateway,2028,debt_service_total,161363914.0,USD
Pre-Cancellation Digital Gateway,2028,debt_service_to_revenue_ratio,0.06961574587658775,fraction
Pre-Cancellation Digital Gateway,2028,debt_service_headroom_vs_10pct_cap,70428350.76444003,USD
Pre-Cancellation Digital Gateway,2028,debt_service_cap_breached,0.0,boolean
Pre-Cancellation Digital Gateway,2028,unassigned_gf_balance_eoy,27309803.20219946,USD
Pre-Cancellation Digital Gateway,2028,unassigned_gf_balance_policy_floor_7_5pct,173844198.57333001,USD
Pre-Cancellation Digital Gateway,2028,unassigned_gf_balance_floor_breached,1.0,boolean
Pre-Cancellation Digital Gateway,2029,total_revenue,2417302184.663064,USD
Pre-Cancellation Digital Gateway,2029,split_base_eligible_for_schools_transfer,1974751404.0,USD
Pre-Cancellation Digital Gateway,2029,schools_transfer,1130150228.5092,USD
Pre-Cancellation Digital Gateway,2029,total_committed_expenditure,2510921724.5292,USD
Pre-Cancellation Digital Gateway,2029,surplus_or_deficit,-93619539.86613607,USD
Pre-Cancellation Digital Gateway,2029,real_estate_tax_revenue,1085399069.0,USD
Pre-Cancellation Digital Gateway,2029,assessed_value_base,159244983355.50003,USD
Pre-Cancellation Digital Gateway,2029,required_re_tax_rate_effective_per_100,0.740380377467894,USD_per_100_AV
Pre-Cancellation Digital Gateway,2029,required_re_tax_rate_nominal_per_100,0.8991750964958606,USD_per_100_AV
Pre-Cancellation Digital Gateway,2029,required_re_rate_delta_vs_fy26_nominal,-0.006824903504139446,USD_per_100_AV
Pre-Cancellation Digital Gateway,2029,required_re_rate_delta_vs_fy27_nominal,0.03417509649586059,USD_per_100_AV
Pre-Cancellation Digital Gateway,2029,debt_service_total,171711276.0,USD
Pre-Cancellation Digital Gateway,2029,debt_service_to_revenue_ratio,0.07103426170275604,fraction
Pre-Cancellation Digital Gateway,2029,debt_service_headroom_vs_10pct_cap,70018942.46630642,USD
Pre-Cancellation Digital Gateway,2029,debt_service_cap_breached,0.0,boolean
Pre-Cancellation Digital Gateway,2029,unassigned_gf_balance_eoy,-66309736.663936615,USD
Pre-Cancellation Digital Gateway,2029,unassigned_gf_balance_policy_floor_7_5pct,181297663.8497298,USD
Pre-Cancellation Digital Gateway,2029,unassigned_gf_balance_floor_breached,1.0,boolean
Pre-Cancellation Digital Gateway,2030,total_revenue,2521406600.479848,USD
Pre-Cancellation Digital Gateway,2030,split_base_eligible_for_schools_transfer,2063873884.0,USD
Pre-Cancellation Digital Gateway,2030,schools_transfer,1181155023.8132,USD
Pre-Cancellation Digital Gateway,2030,total_committed_expenditure,2625593303.4832,USD
Pre-Cancellation Digital Gateway,2030,surplus_or_deficit,-104186703.00335217,USD
Pre-Cancellation Digital Gateway,2030,real_estate_tax_revenue,1120599486.2,USD
Pre-Cancellation Digital Gateway,2030,assessed_value_base,167207232523.27502,USD
Pre-Cancellation Digital Gateway,2030,required_re_tax_rate_effective_per_100,0.7324959397512089,USD_per_100_AV
Pre-Cancellation Digital Gateway,2030,required_re_tax_rate_nominal_per_100,0.8895996265611197,USD_per_100_AV
Pre-Cancellation Digital Gateway,2030,required_re_rate_delta_vs_fy26_nominal,-0.016400373438880345,USD_per_100_AV
Pre-Cancellation Digital Gateway,2030,required_re_rate_delta_vs_fy27_nominal,0.024599626561119692,USD_per_100_AV
Pre-Cancellation Digital Gateway,2030,debt_service_total,176021071.0,USD
Pre-Cancellation Digital Gateway,2030,debt_service_to_revenue_ratio,0.06981066479579355,fraction
Pre-Cancellation Digital Gateway,2030,debt_service_headroom_vs_10pct_cap,76119589.04798481,USD
Pre-Cancellation Digital Gateway,2030,debt_service_cap_breached,0.0,boolean
Pre-Cancellation Digital Gateway,2030,unassigned_gf_balance_eoy,-170496439.66728878,USD
Pre-Cancellation Digital Gateway,2030,unassigned_gf_balance_policy_floor_7_5pct,189105495.0359886,USD
Pre-Cancellation Digital Gateway,2030,unassigned_gf_balance_floor_breached,1.0,boolean
Pre-Cancellation Digital Gateway,2031,total_revenue,2630182922.506247,USD
Pre-Cancellation Digital Gateway,2031,split_base_eligible_for_schools_transfer,2157018549.4888983,USD
Pre-Cancellation Digital Gateway,2031,schools_transfer,1234461715.8724966,USD
Pre-Cancellation Digital Gateway,2031,total_committed_expenditure,2737289222.672497,USD
Pre-Cancellation Digital Gateway,2031,surplus_or_deficit,-107106300.16624975,USD
Pre-Cancellation Digital Gateway,2031,real_estate_tax_revenue,1157369036.9955592,USD
Pre-Cancellation Digital Gateway,2031,assessed_value_base,175567594149.4388,USD
Pre-Cancellation Digital Gateway,2031,required_re_tax_rate_effective_per_100,0.7202213730203073,USD_per_100_AV
Pre-Cancellation Digital Gateway,2031,required_re_tax_rate_nominal_per_100,0.8746924449817675,USD_per_100_AV
Pre-Cancellation Digital Gateway,2031,required_re_rate_delta_vs_fy26_nominal,-0.03130755501823257,USD_per_100_AV
Pre-Cancellation Digital Gateway,2031,required_re_rate_delta_vs_fy27_nominal,0.009692444981767467,USD_per_100_AV
Pre-Cancellation Digital Gateway,2031,debt_service_total,175419137.0,USD
Pre-Cancellation Digital Gateway,2031,debt_service_to_revenue_ratio,0.06669465286956039,fraction
Pre-Cancellation Digital Gateway,2031,debt_service_headroom_vs_10pct_cap,87599155.25062472,USD
Pre-Cancellation Digital Gateway,2031,debt_service_cap_breached,0.0,boolean
Pre-Cancellation Digital Gateway,2031,unassigned_gf_balance_eoy,-277602739.83353853,USD
Pre-Cancellation Digital Gateway,2031,unassigned_gf_balance_policy_floor_7_5pct,197263719.18796852,USD
Pre-Cancellation Digital Gateway,2031,unassigned_gf_balance_floor_breached,1.0,boolean
CAPEX Spillover,2027,total_revenue,2135583162.2649999,USD
CAPEX Spillover,2027,split_base_eligible_for_schools_transfer,1728609429.0,USD
CAPEX Spillover,2027,schools_transfer,989283176.2167001,USD
CAPEX Spillover,2027,total_committed_expenditure,2219751411.9467,USD
CAPEX Spillover,2027,surplus_or_deficit,-84168249.68170023,USD
CAPEX Spillover,2027,real_estate_tax_revenue,968556346.2,USD
CAPEX Spillover,2027,assessed_value_base,140145760080.0,USD
CAPEX Spillover,2027,required_re_tax_rate_effective_per_100,0.7511640703798452,USD_per_100_AV
CAPEX Spillover,2027,required_re_tax_rate_nominal_per_100,0.9122716457964342,USD_per_100_AV
CAPEX Spillover,2027,required_re_rate_delta_vs_fy26_nominal,0.006271645796434133,USD_per_100_AV
CAPEX Spillover,2027,required_re_rate_delta_vs_fy27_nominal,0.04727164579643417,USD_per_100_AV
CAPEX Spillover,2027,debt_service_total,153192809.0,USD
CAPEX Spillover,2027,debt_service_to_revenue_ratio,0.07173347856775743,fraction
CAPEX Spillover,2027,debt_service_headroom_vs_10pct_cap,60365507.226500005,USD
CAPEX Spillover,2027,debt_service_cap_breached,0.0,boolean
CAPEX Spillover,2027,unassigned_gf_balance_eoy,50555750.31829977,USD
CAPEX Spillover,2027,unassigned_gf_balance_policy_floor_7_5pct,160168737.169875,USD
CAPEX Spillover,2027,unassigned_gf_balance_floor_breached,1.0,boolean
CAPEX Spillover,2028,total_revenue,2130418307.794275,USD
CAPEX Spillover,2028,split_base_eligible_for_schools_transfer,1717543116.0,USD
CAPEX Spillover,2028,schools_transfer,982949925.2868,USD
CAPEX Spillover,2028,total_committed_expenditure,2284170065.4168,USD
CAPEX Spillover,2028,surplus_or_deficit,-153751757.62252498,USD
CAPEX Spillover,2028,real_estate_tax_revenue,952056392.4,USD
CAPEX Spillover,2028,assessed_value_base,142948675281.6,USD
CAPEX Spillover,2028,required_re_tax_rate_effective_per_100,0.7735700578156122,USD_per_100_AV
CAPEX Spillover,2028,required_re_tax_rate_nominal_per_100,0.9394832069449661,USD_per_100_AV
CAPEX Spillover,2028,required_re_rate_delta_vs_fy26_nominal,0.03348320694496609,USD_per_100_AV
CAPEX Spillover,2028,required_re_rate_delta_vs_fy27_nominal,0.07448320694496613,USD_per_100_AV
CAPEX Spillover,2028,debt_service_total,161363914.0,USD
CAPEX Spillover,2028,debt_service_to_revenue_ratio,0.07574283107201978,fraction
CAPEX Spillover,2028,debt_service_headroom_vs_10pct_cap,51677916.77942753,USD
CAPEX Spillover,2028,debt_service_cap_breached,0.0,boolean
CAPEX Spillover,2028,unassigned_gf_balance_eoy,-103196007.3042252,USD
CAPEX Spillover,2028,unassigned_gf_balance_policy_floor_7_5pct,159781373.08457062,USD
CAPEX Spillover,2028,unassigned_gf_balance_floor_breached,1.0,boolean
CAPEX Spillover,2029,total_revenue,2111441538.4870746,USD
CAPEX Spillover,2029,split_base_eligible_for_schools_transfer,1692521532.0,USD
CAPEX Spillover,2029,schools_transfer,968630072.7636001,USD
CAPEX Spillover,2029,total_committed_expenditure,2349588768.7836003,USD
CAPEX Spillover,2029,surplus_or_deficit,-238147230.29652572,USD
CAPEX Spillover,2029,real_estate_tax_revenue,930323127.0,USD
CAPEX Spillover,2029,assessed_value_base,145807648787.23203,USD
CAPEX Spillover,2029,required_re_tax_rate_effective_per_100,0.8013779572027812,USD_per_100_AV
CAPEX Spillover,2029,required_re_tax_rate_nominal_per_100,0.9732552670586057,USD_per_100_AV
CAPEX Spillover,2029,required_re_rate_delta_vs_fy26_nominal,0.06725526705860563,USD_per_100_AV
CAPEX Spillover,2029,required_re_rate_delta_vs_fy27_nominal,0.10825526705860566,USD_per_100_AV
CAPEX Spillover,2029,debt_service_total,171711276.0,USD
CAPEX Spillover,2029,debt_service_to_revenue_ratio,0.0813241914919593,fraction
CAPEX Spillover,2029,debt_service_headroom_vs_10pct_cap,39432877.84870747,USD
CAPEX Spillover,2029,debt_service_cap_breached,0.0,boolean
CAPEX Spillover,2029,unassigned_gf_balance_eoy,-341343237.6007509,USD
CAPEX Spillover,2029,unassigned_gf_balance_policy_floor_7_5pct,158358115.38653058,USD
CAPEX Spillover,2029,unassigned_gf_balance_floor_breached,1.0,boolean
CAPEX Spillover,2030,total_revenue,2090817543.8766222,USD
CAPEX Spillover,2030,split_base_eligible_for_schools_transfer,1665704974.0,USD
CAPEX Spillover,2030,schools_transfer,953282956.6202,USD
CAPEX Spillover,2030,total_committed_expenditure,2397970836.2902,USD
CAPEX Spillover,2030,surplus_or_deficit,-307153292.41357803,USD
CAPEX Spillover,2030,real_estate_tax_revenue,910155300.2,USD
CAPEX Spillover,2030,assessed_value_base,148723801762.97662,USD
CAPEX Spillover,2030,required_re_tax_rate_effective_per_100,0.8185028745792965,USD_per_100_AV
CAPEX Spillover,2030,required_re_tax_rate_nominal_per_100,0.9940530889662771,USD_per_100_AV
CAPEX Spillover,2030,required_re_rate_delta_vs_fy26_nominal,0.08805308896627706,USD_per_100_AV
CAPEX Spillover,2030,required_re_rate_delta_vs_fy27_nominal,0.1290530889662771,USD_per_100_AV
CAPEX Spillover,2030,debt_service_total,176021071.0,USD
CAPEX Spillover,2030,debt_service_to_revenue_ratio,0.08418767649789095,fraction
CAPEX Spillover,2030,debt_service_headroom_vs_10pct_cap,33060683.387662232,USD
CAPEX Spillover,2030,debt_service_cap_breached,0.0,boolean
CAPEX Spillover,2030,unassigned_gf_balance_eoy,-648496530.014329,USD
CAPEX Spillover,2030,unassigned_gf_balance_policy_floor_7_5pct,156811315.79074666,USD
CAPEX Spillover,2030,unassigned_gf_balance_floor_breached,1.0,boolean
CAPEX Spillover,2031,total_revenue,2076145437.5511274,USD
CAPEX Spillover,2031,split_base_eligible_for_schools_transfer,1644688013.4888983,USD
CAPEX Spillover,2031,schools_transfer,941254950.1196965,USD
CAPEX Spillover,2031,total_committed_expenditure,2444394456.9196963,USD
CAPEX Spillover,2031,surplus_or_deficit,-368249019.3685689,USD
CAPEX Spillover,2031,real_estate_tax_revenue,892728207.9955593,USD
CAPEX Spillover,2031,assessed_value_base,151698277798.23618,USD
CAPEX Spillover,2031,required_re_tax_rate_effective_per_100,0.8312403052072024,USD_per_100_AV
CAPEX Spillover,2031,required_re_tax_rate_nominal_per_100,1.0095224082007044,USD_per_100_AV
CAPEX Spillover,2031,required_re_rate_delta_vs_fy26_nominal,0.10352240820070435,USD_per_100_AV
CAPEX Spillover,2031,required_re_rate_delta_vs_fy27_nominal,0.1445224082007044,USD_per_100_AV
CAPEX Spillover,2031,debt_service_total,175419137.0,USD
CAPEX Spillover,2031,debt_service_to_revenue_ratio,0.08449270163217075,fraction
CAPEX Spillover,2031,debt_service_headroom_vs_10pct_cap,32195406.755112767,USD
CAPEX Spillover,2031,debt_service_cap_breached,0.0,boolean
CAPEX Spillover,2031,unassigned_gf_balance_eoy,-1016745549.3828979,USD
CAPEX Spillover,2031,unassigned_gf_balance_policy_floor_7_5pct,155710907.81633455,USD
CAPEX Spillover,2031,unassigned_gf_balance_floor_breached,1.0,boolean
Partial Recovery,2027,total_revenue,2198479080.95,USD
Partial Recovery,2027,split_base_eligible_for_schools_transfer,1787398725.0,USD
Partial Recovery,2027,schools_transfer,1022928290.3175001,USD
Partial Recovery,2027,total_committed_expenditure,2253365326.0475,USD
Partial Recovery,2027,surplus_or_deficit,-54886245.097500324,USD
Partial Recovery,2027,real_estate_tax_revenue,1008899900.2,USD
Partial Recovery,2027,assessed_value_base,141519738120.0,USD
Partial Recovery,2027,required_re_tax_rate_effective_per_100,0.7516874744323476,USD_per_100_AV
Partial Recovery,2027,required_re_tax_rate_nominal_per_100,0.91290730809076,USD_per_100_AV
Partial Recovery,2027,required_re_rate_delta_vs_fy26_nominal,0.0069073080907600115,USD_per_100_AV
Partial Recovery,2027,required_re_rate_delta_vs_fy27_nominal,0.04790730809076005,USD_per_100_AV
Partial Recovery,2027,debt_service_total,153192809.0,USD
Partial Recovery,2027,debt_service_to_revenue_ratio,0.06968126753055244,fraction
Partial Recovery,2027,debt_service_headroom_vs_10pct_cap,66655099.095,USD
Partial Recovery,2027,debt_service_cap_breached,0.0,boolean
Partial Recovery,2027,unassigned_gf_balance_eoy,79837754.90249968,USD
Partial Recovery,2027,unassigned_gf_balance_policy_floor_7_5pct,164885931.07125,USD
Partial Recovery,2027,unassigned_gf_balance_floor_breached,1.0,boolean
Partial Recovery,2028,total_revenue,2249392761.8475,USD
Partial Recovery,2028,split_base_eligible_for_schools_transfer,1828102039.0,USD
Partial Recovery,2028,schools_transfer,1046222796.9197,USD
Partial Recovery,2028,total_committed_expenditure,2347380537.0497,USD
Partial Recovery,2028,surplus_or_deficit,-97987775.20219994,USD
Partial Recovery,2028,real_estate_tax_revenue,1027148385.4,USD
Partial Recovery,2028,assessed_value_base,145765330263.6,USD
Partial Recovery,2028,required_re_tax_rate_effective_per_100,0.7718818724366894,USD_per_100_AV
Partial Recovery,2028,required_re_tax_rate_nominal_per_100,0.9374329442729767,USD_per_100_AV
Partial Recovery,2028,required_re_rate_delta_vs_fy26_nominal,0.031432944272976715,USD_per_100_AV
Partial Recovery,2028,required_re_rate_delta_vs_fy27_nominal,0.07243294427297675,USD_per_100_AV
Partial Recovery,2028,debt_service_total,161363914.0,USD
Partial Recovery,2028,debt_service_to_revenue_ratio,0.07173665565966636,fraction
Partial Recovery,2028,debt_service_headroom_vs_10pct_cap,63575362.18474999,USD
Partial Recovery,2028,debt_service_cap_breached,0.0,boolean
Partial Recovery,2028,unassigned_gf_balance_eoy,-18150020.29970026,USD
Partial Recovery,2028,unassigned_gf_balance_policy_floor_7_5pct,168704457.13856247,USD
Partial Recovery,2028,unassigned_gf_balance_floor_breached,1.0,boolean
Partial Recovery,2029,total_revenue,2288411359.139875,USD
Partial Recovery,2029,split_base_eligible_for_schools_transfer,1856554929.0,USD
Partial Recovery,2029,schools_transfer,1062506385.8667,USD
Partial Recovery,2029,total_committed_expenditure,2443371481.8867,USD
Partial Recovery,2029,surplus_or_deficit,-154960122.74682522,USD
Partial Recovery,2029,real_estate_tax_revenue,1038120479.0,USD
Partial Recovery,2029,assessed_value_base,152426316146.29648,USD
Partial Recovery,2029,required_re_tax_rate_effective_per_100,0.7827261275551162,USD_per_100_AV
Partial Recovery,2029,required_re_tax_rate_nominal_per_100,0.9506030449932109,USD_per_100_AV
Partial Recovery,2029,required_re_rate_delta_vs_fy26_nominal,0.04460304499321088,USD_per_100_AV
Partial Recovery,2029,required_re_rate_delta_vs_fy27_nominal,0.08560304499321092,USD_per_100_AV
Partial Recovery,2029,debt_service_total,171711276.0,USD
Partial Recovery,2029,debt_service_to_revenue_ratio,0.07503514405930042,fraction
Partial Recovery,2029,debt_service_headroom_vs_10pct_cap,57129859.91398752,USD
Partial Recovery,2029,debt_service_cap_breached,0.0,boolean
Partial Recovery,2029,unassigned_gf_balance_eoy,-173110143.04652548,USD
Partial Recovery,2029,unassigned_gf_balance_policy_floor_7_5pct,171630851.9354906,USD
Partial Recovery,2029,unassigned_gf_balance_floor_breached,1.0,boolean
Partial Recovery,2030,total_revenue,2316136469.774869,USD
Partial Recovery,2030,split_base_eligible_for_schools_transfer,1873344409.0,USD
Partial Recovery,2030,schools_transfer,1072115005.2707001,USD
Partial Recovery,2030,total_committed_expenditure,2516678084.9407,USD
Partial Recovery,2030,surplus_or_deficit,-200541615.1658311,USD
Partial Recovery,2030,real_estate_tax_revenue,1044387696.2,USD
Partial Recovery,2030,assessed_value_base,157761237211.41684,USD
Partial Recovery,2030,required_re_tax_rate_effective_per_100,0.7891224317019607,USD_per_100_AV
Partial Recovery,2030,required_re_tax_rate_nominal_per_100,0.9583712106192714,USD_per_100_AV
Partial Recovery,2030,required_re_rate_delta_vs_fy26_nominal,0.05237121061927141,USD_per_100_AV
Partial Recovery,2030,required_re_rate_delta_vs_fy27_nominal,0.09337121061927145,USD_per_100_AV
Partial Recovery,2030,debt_service_total,176021071.0,USD
Partial Recovery,2030,debt_service_to_revenue_ratio,0.07599771140303725,fraction
Partial Recovery,2030,debt_service_headroom_vs_10pct_cap,55592575.97748691,USD
Partial Recovery,2030,debt_service_cap_breached,0.0,boolean
Partial Recovery,2030,unassigned_gf_balance_eoy,-373651758.21235657,USD
Partial Recovery,2030,unassigned_gf_balance_policy_floor_7_5pct,173710235.23311517,USD
Partial Recovery,2030,unassigned_gf_balance_floor_breached,1.0,boolean
Partial Recovery,2031,total_revenue,2348574436.661071,USD
Partial Recovery,2031,split_base_eligible_for_schools_transfer,1894461574.4888983,USD
Partial Recovery,2031,schools_transfer,1084200359.0799966,USD
Partial Recovery,2031,total_committed_expenditure,2587183865.8799963,USD
Partial Recovery,2031,surplus_or_deficit,-238609429.21892548,USD
Partial Recovery,2031,real_estate_tax_revenue,1052346246.9955593,USD
Partial Recovery,2031,assessed_value_base,163282880513.8164,USD
Partial Recovery,2031,required_re_tax_rate_effective_per_100,0.7906252462916642,USD_per_100_AV
Partial Recovery,2031,required_re_tax_rate_nominal_per_100,0.9601963446920212,USD_per_100_AV
Partial Recovery,2031,required_re_rate_delta_vs_fy26_nominal,0.05419634469202117,USD_per_100_AV
Partial Recovery,2031,required_re_rate_delta_vs_fy27_nominal,0.0951963446920212,USD_per_100_AV
Partial Recovery,2031,debt_service_total,175419137.0,USD
Partial Recovery,2031,debt_service_to_revenue_ratio,0.07469175098805489,fraction
Partial Recovery,2031,debt_service_headroom_vs_10pct_cap,59438306.66610709,USD
Partial Recovery,2031,debt_service_cap_breached,0.0,boolean
Partial Recovery,2031,unassigned_gf_balance_eoy,-612261187.431282,USD
Partial Recovery,2031,unassigned_gf_balance_policy_floor_7_5pct,176143082.7495803,USD
Partial Recovery,2031,unassigned_gf_balance_floor_breached,1.0,boolean
CAPEX Spillover (impairment triggered),2027,total_revenue,2135583162.2649999,USD
CAPEX Spillover (impairment triggered),2027,split_base_eligible_for_schools_transfer,1728609429.0,USD
CAPEX Spillover (impairment triggered),2027,schools_transfer,989283176.2167001,USD
CAPEX Spillover (impairment triggered),2027,total_committed_expenditure,2219751411.9467,USD
CAPEX Spillover (impairment triggered),2027,surplus_or_deficit,-84168249.68170023,USD
CAPEX Spillover (impairment triggered),2027,unassigned_gf_balance_eoy,50555750.31829977,USD
CAPEX Spillover (impairment triggered),2027,unassigned_gf_balance_policy_floor_7_5pct,160168737.169875,USD
CAPEX Spillover (impairment triggered),2027,unassigned_gf_balance_floor_breached,1.0,boolean
CAPEX Spillover (impairment triggered),2027,debt_service_total,153192809.0,USD
CAPEX Spillover (impairment triggered),2027,debt_service_to_revenue_ratio,0.07173347856775743,fraction
CAPEX Spillover (impairment triggered),2027,debt_service_headroom_vs_10pct_cap,60365507.226500005,USD
CAPEX Spillover (impairment triggered),2027,debt_service_cap_breached,0.0,boolean
CAPEX Spillover (impairment triggered),2028,total_revenue,2128290407.794275,USD
CAPEX Spillover (impairment triggered),2028,split_base_eligible_for_schools_transfer,1715415216.0,USD
CAPEX Spillover (impairment triggered),2028,schools_transfer,981732128.1168001,USD
CAPEX Spillover (impairment triggered),2028,total_committed_expenditure,2282952268.2468004,USD
CAPEX Spillover (impairment triggered),2028,surplus_or_deficit,-154661860.45252538,USD
CAPEX Spillover (impairment triggered),2028,unassigned_gf_balance_eoy,-104106110.1342256,USD
CAPEX Spillover (impairment triggered),2028,unassigned_gf_balance_policy_floor_7_5pct,159621780.58457062,USD
CAPEX Spillover (impairment triggered),2028,unassigned_gf_balance_floor_breached,1.0,boolean
CAPEX Spillover (impairment triggered),2028,debt_service_total,161363914.0,USD
CAPEX Spillover (impairment triggered),2028,debt_service_to_revenue_ratio,0.07581856000903321,fraction
CAPEX Spillover (impairment triggered),2028,debt_service_headroom_vs_10pct_cap,51465126.77942753,USD
CAPEX Spillover (impairment triggered),2028,debt_service_cap_breached,0.0,boolean
CAPEX Spillover (impairment triggered),2029,total_revenue,2109313638.4870746,USD
CAPEX Spillover (impairment triggered),2029,split_base_eligible_for_schools_transfer,1690393632.0,USD
CAPEX Spillover (impairment triggered),2029,schools_transfer,967412275.5936,USD
CAPEX Spillover (impairment triggered),2029,total_committed_expenditure,2348370971.6136003,USD
CAPEX Spillover (impairment triggered),2029,surplus_or_deficit,-239057333.12652564,USD
CAPEX Spillover (impairment triggered),2029,unassigned_gf_balance_eoy,-343163443.26075125,USD
CAPEX Spillover (impairment triggered),2029,unassigned_gf_balance_policy_floor_7_5pct,158198522.88653058,USD
CAPEX Spillover (impairment triggered),2029,unassigned_gf_balance_floor_breached,1.0,boolean
CAPEX Spillover (impairment triggered),2029,debt_service_total,171711276.0,USD
CAPEX Spillover (impairment triggered),2029,debt_service_to_revenue_ratio,0.08140623227713141,fraction
CAPEX Spillover (impairment triggered),2029,debt_service_headroom_vs_10pct_cap,39220087.84870747,USD
CAPEX Spillover (impairment triggered),2029,debt_service_cap_breached,0.0,boolean
CAPEX Spillover (impairment triggered),2030,total_revenue,2088689643.8766222,USD
CAPEX Spillover (impairment triggered),2030,split_base_eligible_for_schools_transfer,1663577074.0,USD
CAPEX Spillover (impairment triggered),2030,schools_transfer,952065159.4502001,USD
CAPEX Spillover (impairment triggered),2030,total_committed_expenditure,2396753039.1202,USD
CAPEX Spillover (impairment triggered),2030,surplus_or_deficit,-308063395.24357796,USD
CAPEX Spillover (impairment triggered),2030,unassigned_gf_balance_eoy,-651226838.5043292,USD
CAPEX Spillover (impairment triggered),2030,unassigned_gf_balance_policy_floor_7_5pct,156651723.29074666,USD
CAPEX Spillover (impairment triggered),2030,unassigned_gf_balance_floor_breached,1.0,boolean
CAPEX Spillover (impairment triggered),2030,debt_service_total,176021071.0,USD
CAPEX Spillover (impairment triggered),2030,debt_service_to_revenue_ratio,0.08427344460486896,fraction
CAPEX Spillover (impairment triggered),2030,debt_service_headroom_vs_10pct_cap,32847893.387662232,USD
CAPEX Spillover (impairment triggered),2030,debt_service_cap_breached,0.0,boolean
CAPEX Spillover (impairment triggered),2031,total_revenue,2074017537.5511274,USD
CAPEX Spillover (impairment triggered),2031,split_base_eligible_for_schools_transfer,1642560113.4888983,USD
CAPEX Spillover (impairment triggered),2031,schools_transfer,940037152.9496965,USD
CAPEX Spillover (impairment triggered),2031,total_committed_expenditure,2443176659.7496963,USD
CAPEX Spillover (impairment triggered),2031,surplus_or_deficit,-369159122.1985688,USD
CAPEX Spillover (impairment triggered),2031,unassigned_gf_balance_eoy,-1020385960.702898,USD
CAPEX Spillover (impairment triggered),2031,unassigned_gf_balance_policy_floor_7_5pct,155551315.31633455,USD
CAPEX Spillover (impairment triggered),2031,unassigned_gf_balance_floor_breached,1.0,boolean
CAPEX Spillover (impairment triggered),2031,debt_service_total,175419137.0,USD
CAPEX Spillover (impairment triggered),2031,debt_service_to_revenue_ratio,0.08457938943328519,fraction
CAPEX Spillover (impairment triggered),2031,debt_service_headroom_vs_10pct_cap,31982616.755112767,USD
CAPEX Spillover (impairment triggered),2031,debt_service_cap_breached,0.0,boolean
